model,accuracy,precision,recall,f1,roc_auc
Logistic Regression,0.85,0.8024691358024691,0.8227848101265823,0.8125,0.9086724552777486
SVM (RBF kernel),0.925,0.9102564102564102,0.8987341772151899,0.9044585987261147,0.9788680824354012
Random Forest,0.92,0.9315068493150684,0.8607594936708861,0.8947368421052632,0.9745266241238624
XGBoost,0.92,0.9315068493150684,0.8607594936708861,0.8947368421052632,0.9684067371063919
