model,accuracy,precision,recall,f1,roc_auc
Logistic Regression,0.956140350877193,0.9855072463768116,0.9444444444444444,0.9645390070921985,0.9953703703703703
SVM (RBF kernel),0.9649122807017544,0.9857142857142858,0.9583333333333334,0.971830985915493,0.9940476190476191
Random Forest,0.9473684210526315,0.9583333333333334,0.9583333333333334,0.9583333333333334,0.9937169312169312
XGBoost,0.956140350877193,0.9466666666666667,0.9861111111111112,0.9659863945578231,0.9966931216931216
