model,accuracy,precision,recall,f1,roc_auc
Logistic Regression,0.825,0.77,0.8651685393258427,0.8148148148148148,0.8903735195870026
SVM (RBF kernel),0.905,0.8888888888888888,0.898876404494382,0.8938547486033519,0.9487802409150723
Random Forest,0.89,0.8941176470588236,0.8539325842696629,0.8735632183908046,0.9591557849984815
XGBoost,0.89,0.9036144578313253,0.8426966292134831,0.872093023255814,0.967608057495698
